Date/Time,Step Count (count) 
2016-11-23 00:00:00,4810
2016-11-24 00:00:00,4900
2016-11-25 00:00:00,17241
2016-11-26 00:00:00,8984
2016-11-27 00:00:00,5258
2016-11-28 00:00:00,3451
2016-11-29 00:00:00,4878
2016-11-30 00:00:00,1237
2016-12-01 00:00:00,4349
2016-12-02 00:00:00,5722
2016-12-03 00:00:00,3440
2016-12-04 00:00:00,2728
2016-12-05 00:00:00,6293
2016-12-06 00:00:00,8153
2016-12-07 00:00:00,964
2016-12-08 00:00:00,7311
2016-12-09 00:00:00,13430
2016-12-10 00:00:00,7666
2016-12-11 00:00:00,1673
2016-12-12 00:00:00,11492
2016-12-13 00:00:00,10391
2016-12-14 00:00:00,10558
2016-12-15 00:00:00,12929
2016-12-16 00:00:00,6486
2016-12-17 00:00:00,5530
2016-12-18 00:00:00,512
2016-12-19 00:00:00,5011
2016-12-20 00:00:00,5178
2016-12-21 00:00:00,115
2016-12-22 00:00:00,10519
2016-12-23 00:00:00,8979
2016-12-24 00:00:00,8159
2016-12-25 00:00:00,1913
2016-12-26 00:00:00,4031
2016-12-27 00:00:00,1870
2016-12-28 00:00:00,2293
2016-12-29 00:00:00,2985
2016-12-30 00:00:00,3869
2016-12-31 00:00:00,4005
2017-01-01 00:00:00,6884
2017-01-02 00:00:00,3864
2017-01-03 00:00:00,4718
2017-01-04 00:00:00,2117
2017-01-05 00:00:00,2811
2017-01-06 00:00:00,5981
2017-01-07 00:00:00,7646
2017-01-08 00:00:00,3596
2017-01-09 00:00:00,9320
2017-01-10 00:00:00,2440
2017-01-11 00:00:00,2978
2017-01-12 00:00:00,3606
2017-01-13 00:00:00,4394
2017-01-14 00:00:00,9190
2017-01-15 00:00:00,4629
2017-01-16 00:00:00,3221
2017-01-17 00:00:00,2751
2017-01-18 00:00:00,3620
2017-01-19 00:00:00,3867
2017-01-20 00:00:00,5279
2017-01-21 00:00:00,5165
2017-01-22 00:00:00,8314
2017-01-23 00:00:00,6591
2017-01-24 00:00:00,8846
2017-01-25 00:00:00,8715
2017-01-26 00:00:00,1949
2017-01-27 00:00:00,5523
2017-01-28 00:00:00,9628
2017-01-29 00:00:00,9831
2017-01-30 00:00:00,2860
2017-01-31 00:00:00,1113
2017-02-01 00:00:00,9436
2017-02-02 00:00:00,4875
2017-02-03 00:00:00,6686
2017-02-04 00:00:00,9682
2017-02-05 00:00:00,2073
2017-02-06 00:00:00,2919
2017-02-07 00:00:00,3787
2017-02-08 00:00:00,3878
2017-02-09 00:00:00,6162
2017-02-10 00:00:00,5548
2017-02-11 00:00:00,7157
2017-02-12 00:00:00,8666
2017-02-13 00:00:00,2665
2017-02-14 00:00:00,9230
2017-02-15 00:00:00,4815
2017-02-16 00:00:00,5918
2017-02-17 00:00:00,7279
2017-02-18 00:00:00,5449
2017-02-19 00:00:00,6000
2017-02-20 00:00:00,2588
2017-02-21 00:00:00,5125
2017-02-22 00:00:00,3169
2017-02-23 00:00:00,6230
2017-02-24 00:00:00,5303
2017-02-25 00:00:00,4321
2017-02-26 00:00:00,14188
2017-02-27 00:00:00,2905
2017-02-28 00:00:00,3714
2017-03-01 00:00:00,3172
2017-03-02 00:00:00,5210
2017-03-03 00:00:00,2338
2017-03-04 00:00:00,1495
2017-03-05 00:00:00,3659
2017-03-06 00:00:00,1437
2017-03-07 00:00:00,1960
2017-03-08 00:00:00,4455
2017-03-09 00:00:00,3502
2017-03-10 00:00:00,2849
2017-03-11 00:00:00,10233
2017-03-12 00:00:00,7098
2017-03-13 00:00:00,3211
2017-03-14 00:00:00,4062
2017-03-15 00:00:00,3055
2017-03-16 00:00:00,5173
2017-03-17 00:00:00,4462
2017-03-18 00:00:00,7984
2017-03-19 00:00:00,3311
2017-03-20 00:00:00,4982
2017-03-21 00:00:00,3814
2017-03-22 00:00:00,2876
2017-03-23 00:00:00,5369
2017-03-24 00:00:00,8227
2017-03-25 00:00:00,5702
2017-03-26 00:00:00,4500
2017-03-27 00:00:00,4497
2017-03-28 00:00:00,8170
2017-03-29 00:00:00,8404
2017-03-30 00:00:00,2719
2017-03-31 00:00:00,6418
2017-04-01 00:00:00,4758
2017-04-02 00:00:00,12316
2017-04-03 00:00:00,4817
2017-04-04 00:00:00,9609
2017-04-05 00:00:00,9406
2017-04-06 00:00:00,9696
2017-04-07 00:00:00,10459
2017-04-08 00:00:00,8718
2017-04-09 00:00:00,5296
2017-04-10 00:00:00,2310
2017-04-11 00:00:00,6078
2017-04-12 00:00:00,6440
2017-04-13 00:00:00,8156
2017-04-14 00:00:00,7399
2017-04-15 00:00:00,5726
2017-04-16 00:00:00,6712
2017-04-17 00:00:00,4849
2017-04-18 00:00:00,1982
2017-04-19 00:00:00,8201
2017-04-20 00:00:00,14251
2017-04-21 00:00:00,7965
2017-04-22 00:00:00,10578
2017-04-23 00:00:00,5060
2017-04-24 00:00:00,2473
2017-04-25 00:00:00,3363
2017-04-26 00:00:00,6946
2017-04-27 00:00:00,6298
2017-04-28 00:00:00,5416
2017-04-29 00:00:00,16378
2017-04-30 00:00:00,8026
2017-05-01 00:00:00,4619
2017-05-02 00:00:00,2194
2017-05-03 00:00:00,4682
2017-05-04 00:00:00,8746
2017-05-05 00:00:00,7414
2017-05-06 00:00:00,3158
2017-05-07 00:00:00,5091
2017-05-08 00:00:00,3699
2017-05-09 00:00:00,4429
2017-05-10 00:00:00,2753
2017-05-11 00:00:00,5975
2017-05-12 00:00:00,8843
2017-05-13 00:00:00,7385
2017-05-14 00:00:00,4880
2017-05-15 00:00:00,2105
2017-05-16 00:00:00,2798
2017-05-17 00:00:00,6786
2017-05-18 00:00:00,6418
2017-05-19 00:00:00,7123
2017-05-20 00:00:00,8884
2017-05-21 00:00:00,5671
2017-05-22 00:00:00,7001
2017-05-23 00:00:00,7902
2017-05-24 00:00:00,9052
2017-05-25 00:00:00,7519
2017-05-26 00:00:00,2495
2017-05-27 00:00:00,8287
2017-05-28 00:00:00,2984
2017-05-29 00:00:00,6592
2017-05-30 00:00:00,1798
2017-05-31 00:00:00,6721
2017-06-01 00:00:00,2414
2017-06-02 00:00:00,9254
2017-06-03 00:00:00,4108
2017-06-04 00:00:00,8419
2017-06-05 00:00:00,5854
2017-06-06 00:00:00,682
2017-06-07 00:00:00,1612
2017-06-08 00:00:00,6992
2017-06-09 00:00:00,6114
2017-06-10 00:00:00,6015
2017-06-11 00:00:00,6914
2017-06-12 00:00:00,22846
2017-06-13 00:00:00,14579
2017-06-14 00:00:00,20041
2017-06-15 00:00:00,16346
2017-06-16 00:00:00,6256
2017-06-17 00:00:00,6338
2017-06-18 00:00:00,6916
2017-06-19 00:00:00,6439
2017-06-20 00:00:00,6610
2017-06-21 00:00:00,5459
2017-06-22 00:00:00,5250
2017-06-23 00:00:00,8191
2017-06-24 00:00:00,5316
2017-06-25 00:00:00,4847
2017-06-26 00:00:00,6379
2017-06-27 00:00:00,6541
2017-06-28 00:00:00,7253
2017-06-29 00:00:00,11693
2017-06-30 00:00:00,12266
2017-07-01 00:00:00,11304
2017-07-02 00:00:00,11530
2017-07-03 00:00:00,7758
2017-07-04 00:00:00,6840
2017-07-05 00:00:00,3075
2017-07-06 00:00:00,3295
2017-07-07 00:00:00,3807
2017-07-08 00:00:00,3267
2017-07-09 00:00:00,2809
2017-07-10 00:00:00,3938
2017-07-11 00:00:00,4251
2017-07-12 00:00:00,2031
2017-07-13 00:00:00,5163
2017-07-14 00:00:00,3731
2017-07-15 00:00:00,3897
2017-07-16 00:00:00,11954
2017-07-17 00:00:00,2773
2017-07-18 00:00:00,3569
2017-07-19 00:00:00,3802
2017-07-20 00:00:00,4676
2017-07-21 00:00:00,5690
2017-07-22 00:00:00,2306
2017-07-23 00:00:00,2581
2017-07-24 00:00:00,4882
2017-07-25 00:00:00,1962
2017-07-26 00:00:00,4936
2017-07-27 00:00:00,5589
2017-07-28 00:00:00,7776
2017-07-29 00:00:00,9496
2017-07-30 00:00:00,3507
2017-07-31 00:00:00,1369
2017-08-01 00:00:00,5644
2017-08-02 00:00:00,1333
2017-08-03 00:00:00,19732
2017-08-04 00:00:00,2258
2017-08-05 00:00:00,3378
2017-08-06 00:00:00,3162
2017-08-07 00:00:00,2027
2017-08-08 00:00:00,1587
2017-08-09 00:00:00,2660
2017-08-10 00:00:00,2157
2017-08-11 00:00:00,2584
2017-08-12 00:00:00,6814
2017-08-13 00:00:00,2310
2017-08-14 00:00:00,3926
2017-08-15 00:00:00,1289
2017-08-16 00:00:00,3148
2017-08-17 00:00:00,4303
2017-08-18 00:00:00,8277
2017-08-19 00:00:00,11848
2017-08-20 00:00:00,4620
2017-08-21 00:00:00,6779
2017-08-22 00:00:00,8140
2017-08-23 00:00:00,13628
2017-08-24 00:00:00,7813
2017-08-25 00:00:00,2794
2017-08-26 00:00:00,3585
2017-08-27 00:00:00,6881
2017-08-28 00:00:00,3797
2017-08-29 00:00:00,2700
2017-08-30 00:00:00,6136
2017-08-31 00:00:00,3118
2017-09-01 00:00:00,6313
2017-09-02 00:00:00,6011
2017-09-03 00:00:00,4337
2017-09-04 00:00:00,3986
2017-09-05 00:00:00,3251
2017-09-06 00:00:00,5412
2017-09-07 00:00:00,3737
2017-09-08 00:00:00,3899
2017-09-09 00:00:00,8404
2017-09-10 00:00:00,7226
2017-09-11 00:00:00,1549
2017-09-12 00:00:00,3341
2017-09-13 00:00:00,3977
2017-09-14 00:00:00,3902
2017-09-15 00:00:00,2957
2017-09-16 00:00:00,4139
2017-09-17 00:00:00,1937
2017-09-18 00:00:00,4384
2017-09-19 00:00:00,4948
2017-09-20 00:00:00,4978
2017-09-21 00:00:00,7605
2017-09-22 00:00:00,3473
2017-09-23 00:00:00,6872
2017-09-24 00:00:00,7119
2017-09-25 00:00:00,5494
2017-09-26 00:00:00,3068
2017-09-27 00:00:00,5131
2017-09-28 00:00:00,5663
2017-09-29 00:00:00,6444
2017-09-30 00:00:00,5251
2017-10-01 00:00:00,8127
2017-10-02 00:00:00,4966
2017-10-03 00:00:00,3135
2017-10-04 00:00:00,7394
2017-10-05 00:00:00,13013
2017-10-06 00:00:00,6403
2017-10-07 00:00:00,6253
2017-10-08 00:00:00,4108
2017-10-09 00:00:00,5740
2017-10-10 00:00:00,4535
2017-10-11 00:00:00,6364
2017-10-12 00:00:00,9955
2017-10-13 00:00:00,4614
2017-10-14 00:00:00,23230
2017-10-15 00:00:00,2947
2017-10-16 00:00:00,4366
2017-10-17 00:00:00,36851
2017-10-18 00:00:00,759
2017-10-19 00:00:00,6587
2017-10-20 00:00:00,4482
2017-10-21 00:00:00,7506
2017-10-22 00:00:00,3194
2017-10-23 00:00:00,4257
2017-10-24 00:00:00,3408
2017-10-25 00:00:00,4116
2017-10-26 00:00:00,2766
2017-10-27 00:00:00,8634
2017-10-28 00:00:00,3993
2017-10-29 00:00:00,4199
2017-10-30 00:00:00,6722
2017-10-31 00:00:00,3796
2017-11-01 00:00:00,5822
2017-11-02 00:00:00,2769
2017-11-03 00:00:00,8432
2017-11-04 00:00:00,2406
2017-11-05 00:00:00,2624
2017-11-06 00:00:00,4046
2017-11-07 00:00:00,5096
2017-11-08 00:00:00,7664
2017-11-09 00:00:00,9645
2017-11-10 00:00:00,4855
2017-11-11 00:00:00,11021
2017-11-12 00:00:00,4680
2017-11-13 00:00:00,3234
2017-11-14 00:00:00,2573
2017-11-15 00:00:00,6638
2017-11-16 00:00:00,8037
2017-11-17 00:00:00,10726
2017-11-18 00:00:00,4573
2017-11-19 00:00:00,2144
2017-11-20 00:00:00,2906
2017-11-21 00:00:00,7506
2017-11-22 00:00:00,7878
2017-11-23 00:00:00,3843
2017-11-24 00:00:00,9901
2017-11-25 00:00:00,8918
2017-11-26 00:00:00,3377
2017-11-27 00:00:00,2354
2017-11-28 00:00:00,6693
2017-11-29 00:00:00,3410
2017-11-30 00:00:00,3172
2017-12-01 00:00:00,9306
2017-12-02 00:00:00,424.51
2017-12-03 00:00:00,2652
2017-12-04 00:00:00,3182
2017-12-05 00:00:00,5125
2017-12-06 00:00:00,4291
2017-12-07 00:00:00,8364
2017-12-08 00:00:00,3415
2017-12-09 00:00:00,3313
2017-12-10 00:00:00,3874
2017-12-11 00:00:00,5514
2017-12-12 00:00:00,4603
2017-12-13 00:00:00,3053
2017-12-14 00:00:00,2790
2017-12-15 00:00:00,12722
2017-12-16 00:00:00,2448
2017-12-17 00:00:00,8944
2017-12-18 00:00:00,7158
2017-12-19 00:00:00,980
2017-12-20 00:00:00,4430
2017-12-21 00:00:00,10386
2017-12-22 00:00:00,8989
2017-12-23 00:00:00,7733
2017-12-24 00:00:00,10225
2017-12-25 00:00:00,9519
2017-12-26 00:00:00,3874
2017-12-27 00:00:00,9944
2017-12-28 00:00:00,4034
2017-12-29 00:00:00,2105
2017-12-30 00:00:00,8924
2017-12-31 00:00:00,10453
2018-01-01 00:00:00,7757
2018-01-02 00:00:00,5206
2018-01-03 00:00:00,2410
2018-01-04 00:00:00,3031
2018-01-05 00:00:00,3237
2018-01-06 00:00:00,3397
2018-01-07 00:00:00,710
2018-01-08 00:00:00,3594
2018-01-09 00:00:00,8738
2018-01-10 00:00:00,6230
2018-01-11 00:00:00,2671
2018-01-12 00:00:00,6477
2018-01-13 00:00:00,8609
2018-01-14 00:00:00,5652
2018-01-15 00:00:00,10028
2018-01-16 00:00:00,8369
2018-01-17 00:00:00,8234
2018-01-18 00:00:00,7807
2018-01-19 00:00:00,3406
2018-01-20 00:00:00,13413
2018-01-21 00:00:00,10545
2018-01-22 00:00:00,18777
2018-01-23 00:00:00,21365
2018-01-24 00:00:00,10501
2018-01-25 00:00:00,5223
2018-01-26 00:00:00,6433
2018-01-27 00:00:00,1185
2018-01-28 00:00:00,5737
2018-01-29 00:00:00,10644
2018-01-30 00:00:00,8950
2018-01-31 00:00:00,4680
2018-02-01 00:00:00,4610
2018-02-02 00:00:00,17353
2018-02-03 00:00:00,6393
2018-02-04 00:00:00,6443
2018-02-05 00:00:00,37548
2018-02-06 00:00:00,41980
2018-02-07 00:00:00,29830
2018-02-08 00:00:00,10209
2018-02-09 00:00:00,3403
2018-02-10 00:00:00,29566
2018-02-11 00:00:00,25576
2018-02-12 00:00:00,25276
2018-02-13 00:00:00,9688
2018-02-14 00:00:00,2051
2018-02-15 00:00:00,17088
2018-02-16 00:00:00,13554
2018-02-17 00:00:00,8374
2018-02-18 00:00:00,9708
2018-02-19 00:00:00,8036
2018-02-20 00:00:00,8301
2018-02-21 00:00:00,1816
2018-02-22 00:00:00,2367
2018-02-23 00:00:00,4154
2018-02-24 00:00:00,12031
2018-02-25 00:00:00,2041
2018-02-26 00:00:00,3463
2018-02-27 00:00:00,2964
2018-02-28 00:00:00,4458
2018-03-01 00:00:00,5184
2018-03-02 00:00:00,5482
2018-03-03 00:00:00,3888
2018-03-04 00:00:00,3180
2018-03-05 00:00:00,4068
2018-03-06 00:00:00,11054
2018-03-07 00:00:00,4322
2018-03-08 00:00:00,12821
2018-03-09 00:00:00,6875
2018-03-10 00:00:00,2328
2018-03-11 00:00:00,4831
2018-03-12 00:00:00,2590
2018-03-13 00:00:00,3482
2018-03-14 00:00:00,2193
2018-03-15 00:00:00,10054
2018-03-16 00:00:00,7156
2018-03-17 00:00:00,2714
2018-03-18 00:00:00,10239
2018-03-19 00:00:00,2641
2018-03-20 00:00:00,8590
2018-03-21 00:00:00,11561
2018-03-22 00:00:00,8190
2018-03-23 00:00:00,2148
2018-03-24 00:00:00,6257
2018-03-25 00:00:00,4134
2018-03-26 00:00:00,5892
2018-03-27 00:00:00,10620
2018-03-28 00:00:00,9528
2018-03-29 00:00:00,4424
2018-03-30 00:00:00,9255
2018-03-31 00:00:00,3992
2018-04-01 00:00:00,4618
2018-04-02 00:00:00,3576
2018-04-03 00:00:00,3958
2018-04-04 00:00:00,6088
2018-04-05 00:00:00,6567
2018-04-06 00:00:00,15251
2018-04-07 00:00:00,11510
2018-04-08 00:00:00,7230
2018-04-09 00:00:00,24496
2018-04-10 00:00:00,15787
2018-04-11 00:00:00,8995
2018-04-12 00:00:00,21696
2018-04-13 00:00:00,27437
2018-04-14 00:00:00,21409
2018-04-15 00:00:00,29459
2018-04-16 00:00:00,7784
2018-04-17 00:00:00,5647
2018-04-18 00:00:00,11606
2018-04-19 00:00:00,12717
2018-04-20 00:00:00,14054
2018-04-21 00:00:00,6457
2018-04-22 00:00:00,1273
2018-04-23 00:00:00,6421
2018-04-24 00:00:00,5376
2018-04-25 00:00:00,2796
2018-04-26 00:00:00,6827
2018-04-27 00:00:00,14369
2018-04-28 00:00:00,8144
2018-04-29 00:00:00,8912
2018-04-30 00:00:00,9801
2018-05-01 00:00:00,3744
2018-05-02 00:00:00,6085
2018-05-03 00:00:00,6011
2018-05-04 00:00:00,7196
2018-05-05 00:00:00,5725
2018-05-06 00:00:00,5124
2018-05-07 00:00:00,12755
2018-05-08 00:00:00,6512
2018-05-09 00:00:00,8734
2018-05-10 00:00:00,7636
2018-05-11 00:00:00,8202
2018-05-12 00:00:00,5826
2018-05-13 00:00:00,4354
2018-05-14 00:00:00,5361
2018-05-15 00:00:00,6020
2018-05-16 00:00:00,4707
2018-05-17 00:00:00,7884
2018-05-18 00:00:00,5783
2018-05-19 00:00:00,5239
2018-05-20 00:00:00,2635
2018-05-21 00:00:00,1518
2018-05-22 00:00:00,1584
2018-05-23 00:00:00,4632
2018-05-24 00:00:00,9849
2018-05-25 00:00:00,10719
2018-05-26 00:00:00,11110
2018-05-27 00:00:00,4323
2018-05-28 00:00:00,10620
2018-05-29 00:00:00,11802
2018-05-30 00:00:00,6711
2018-05-31 00:00:00,12114
2018-06-01 00:00:00,5413
2018-06-02 00:00:00,8282
2018-06-03 00:00:00,8036
2018-06-04 00:00:00,3337
2018-06-05 00:00:00,7894
2018-06-06 00:00:00,9113
2018-06-07 00:00:00,4955
2018-06-08 00:00:00,2922
2018-06-09 00:00:00,4726
2018-06-10 00:00:00,6907
2018-06-11 00:00:00,5522
2018-06-12 00:00:00,2600
2018-06-13 00:00:00,2684
2018-06-14 00:00:00,9443
2018-06-15 00:00:00,6834
2018-06-16 00:00:00,6851
2018-06-17 00:00:00,9845
2018-06-18 00:00:00,3545
2018-06-19 00:00:00,3576
2018-06-20 00:00:00,6201
2018-06-21 00:00:00,13827
2018-06-22 00:00:00,9432
2018-06-23 00:00:00,10531
2018-06-24 00:00:00,13709
2018-06-25 00:00:00,7261
2018-06-26 00:00:00,907
2018-06-27 00:00:00,3314
2018-06-28 00:00:00,2748
2018-06-29 00:00:00,8184
2018-06-30 00:00:00,5769
2018-07-01 00:00:00,8023
2018-07-02 00:00:00,4458
2018-07-03 00:00:00,11659
2018-07-04 00:00:00,9852
2018-07-05 00:00:00,10439
2018-07-06 00:00:00,9503
2018-07-07 00:00:00,3891
2018-07-08 00:00:00,7748
2018-07-09 00:00:00,1323
2018-07-10 00:00:00,1338
2018-07-11 00:00:00,4762
2018-07-12 00:00:00,4748
2018-07-13 00:00:00,4572
2018-07-14 00:00:00,9031
2018-07-15 00:00:00,8375
2018-07-16 00:00:00,3450
2018-07-17 00:00:00,1051
2018-07-18 00:00:00,3566
2018-07-19 00:00:00,5048
2018-07-20 00:00:00,5972
2018-07-21 00:00:00,5007
2018-07-22 00:00:00,7066
2018-07-23 00:00:00,9386
2018-07-24 00:00:00,3105
2018-07-25 00:00:00,1516
2018-07-26 00:00:00,3722
2018-07-27 00:00:00,6346
2018-07-28 00:00:00,2812
2018-07-29 00:00:00,3799
2018-07-30 00:00:00,3701
2018-07-31 00:00:00,10
2018-08-01 00:00:00,19728
2018-08-02 00:00:00,5362
2018-08-03 00:00:00,5932
2018-08-04 00:00:00,10137
2018-08-05 00:00:00,2578
2018-08-06 00:00:00,5314
2018-08-07 00:00:00,3236
2018-08-08 00:00:00,4783
2018-08-09 00:00:00,10335
2018-08-10 00:00:00,9137
2018-08-11 00:00:00,1015
2018-08-12 00:00:00,1237
2018-08-13 00:00:00,6404
2018-08-14 00:00:00,1307
2018-08-15 00:00:00,4199
2018-08-16 00:00:00,3038
2018-08-17 00:00:00,3037
2018-08-18 00:00:00,2059
2018-08-19 00:00:00,3307
2018-08-20 00:00:00,11358
2018-08-21 00:00:00,6640
2018-08-22 00:00:00,5469
2018-08-23 00:00:00,6426
2018-08-24 00:00:00,1921
2018-08-25 00:00:00,5880
2018-08-26 00:00:00,3752
2018-08-27 00:00:00,10852
2018-08-28 00:00:00,6831
2018-08-29 00:00:00,15292
2018-08-30 00:00:00,969
2018-08-31 00:00:00,3483
2018-09-01 00:00:00,7683
2018-09-02 00:00:00,5453
2018-09-03 00:00:00,8384
2018-09-04 00:00:00,2898
2018-09-05 00:00:00,7242
2018-09-06 00:00:00,5364
2018-09-07 00:00:00,5050
2018-09-08 00:00:00,9832
2018-09-09 00:00:00,7153
2018-09-10 00:00:00,6193
2018-09-11 00:00:00,5792
2018-09-12 00:00:00,4809
2018-09-13 00:00:00,9209
2018-09-14 00:00:00,4187
2018-09-15 00:00:00,6918
2018-09-16 00:00:00,588
2018-09-17 00:00:00,2729
2018-09-18 00:00:00,4101
2018-09-19 00:00:00,2563
2018-09-20 00:00:00,3332
2018-09-21 00:00:00,2728
2018-09-22 00:00:00,9634
2018-09-23 00:00:00,6548
2018-09-24 00:00:00,9025
2018-09-25 00:00:00,8145
2018-09-26 00:00:00,9506
2018-09-27 00:00:00,4896
2018-09-28 00:00:00,7151
2018-09-29 00:00:00,22376
2018-09-30 00:00:00,19833
2018-10-01 00:00:00,20783
2018-10-02 00:00:00,23546
2018-10-03 00:00:00,9880
2018-10-04 00:00:00,17370
2018-10-05 00:00:00,7405
2018-10-06 00:00:00,7096
2018-10-07 00:00:00,4656
2018-10-08 00:00:00,10466
2018-10-09 00:00:00,3621
2018-10-10 00:00:00,5868
2018-10-11 00:00:00,5868
2018-10-12 00:00:00,5868
2018-10-13 00:00:00,5868
2018-10-14 00:00:00,5868
2018-10-15 00:00:00,5868
2018-10-16 00:00:00,8180
2018-10-17 00:00:00,4517
2018-10-18 00:00:00,8300
2018-10-19 00:00:00,4461
2018-10-20 00:00:00,6582
2018-10-21 00:00:00,6582
2018-10-22 00:00:00,6582
2018-10-23 00:00:00,8691
2018-10-24 00:00:00,7067
2018-10-25 00:00:00,4121
2018-10-26 00:00:00,13865
2018-10-27 00:00:00,6593
2018-10-28 00:00:00,6868
2018-10-29 00:00:00,6790
2018-10-30 00:00:00,7550
2018-10-31 00:00:00,8350
2018-11-01 00:00:00,3566
2018-11-02 00:00:00,2531
2018-11-03 00:00:00,2119
2018-11-04 00:00:00,4723
2018-11-05 00:00:00,8179
2018-11-06 00:00:00,9373
2018-11-07 00:00:00,2945
2018-11-08 00:00:00,9128
2018-11-09 00:00:00,2814
2018-11-10 00:00:00,2698
2018-11-11 00:00:00,3628
2018-11-12 00:00:00,6716
2018-11-13 00:00:00,2639
2018-11-14 00:00:00,1565
2018-11-15 00:00:00,1695
2018-11-16 00:00:00,2083
2018-11-17 00:00:00,5752
2018-11-18 00:00:00,3302
2018-11-19 00:00:00,4710
2018-11-20 00:00:00,2173
2018-11-21 00:00:00,2444
2018-11-22 00:00:00,4487
2018-11-23 00:00:00,5780
2018-11-24 00:00:00,7294
2018-11-25 00:00:00,6317
2018-11-26 00:00:00,4506
2018-11-27 00:00:00,707
2018-11-28 00:00:00,1850
2018-11-29 00:00:00,4058
2018-11-30 00:00:00,4211
2018-12-01 00:00:00,8962
2018-12-02 00:00:00,3289
2018-12-03 00:00:00,3090
2018-12-04 00:00:00,5138
2018-12-05 00:00:00,1750
2018-12-06 00:00:00,5870
2018-12-07 00:00:00,4986
2018-12-08 00:00:00,1584
2018-12-09 00:00:00,1860
2018-12-10 00:00:00,4405
2018-12-11 00:00:00,93
2018-12-12 00:00:00,3978
2018-12-13 00:00:00,2362
2018-12-14 00:00:00,2246
2018-12-15 00:00:00,5732
2018-12-16 00:00:00,6937
2018-12-17 00:00:00,2433
2018-12-18 00:00:00,909
2018-12-19 00:00:00,3470
2018-12-20 00:00:00,2138
2018-12-21 00:00:00,9566
2018-12-22 00:00:00,10919
2018-12-23 00:00:00,5468
2018-12-24 00:00:00,8312
2018-12-25 00:00:00,5971
2018-12-26 00:00:00,8572
2018-12-27 00:00:00,11154
2018-12-28 00:00:00,3191
2018-12-29 00:00:00,4511
2018-12-30 00:00:00,6944
2018-12-31 00:00:00,14642
2019-01-01 00:00:00,6229
2019-01-02 00:00:00,3244
2019-01-03 00:00:00,1520
2019-01-04 00:00:00,3866
2019-01-05 00:00:00,448
2019-01-06 00:00:00,2305
2019-01-07 00:00:00,4076
2019-01-08 00:00:00,2352
2019-01-09 00:00:00,2881
2019-01-10 00:00:00,1757
2019-01-11 00:00:00,8489
2019-01-12 00:00:00,6061
2019-01-13 00:00:00,6489
2019-01-14 00:00:00,7293
2019-01-15 00:00:00,7456
2019-01-16 00:00:00,8154
2019-01-17 00:00:00,3473
2019-01-18 00:00:00,2381
2019-01-19 00:00:00,2103
2019-01-20 00:00:00,2398
2019-01-21 00:00:00,2290
2019-01-22 00:00:00,1839
2019-01-23 00:00:00,3480
2019-01-24 00:00:00,7313
2019-01-25 00:00:00,9190
2019-01-26 00:00:00,5247
2019-01-27 00:00:00,10102
2019-01-28 00:00:00,2860
2019-01-29 00:00:00,4895
2019-01-30 00:00:00,3408
2019-01-31 00:00:00,3865
2019-02-01 00:00:00,9965
2019-02-02 00:00:00,13179
2019-02-03 00:00:00,4325
2019-02-04 00:00:00,5081
2019-02-05 00:00:00,2920
2019-02-06 00:00:00,4649
2019-02-07 00:00:00,2063
2019-02-08 00:00:00,1467
2019-02-09 00:00:00,3899
2019-02-10 00:00:00,4604
2019-02-11 00:00:00,2046
2019-02-12 00:00:00,7262
2019-02-13 00:00:00,4824
2019-02-14 00:00:00,7167
2019-02-15 00:00:00,10004
2019-02-16 00:00:00,6281
2019-02-17 00:00:00,3694
2019-02-18 00:00:00,4040
2019-02-19 00:00:00,8160
2019-02-20 00:00:00,1280
2019-02-21 00:00:00,2215
2019-02-22 00:00:00,7555
2019-02-23 00:00:00,849
2019-02-24 00:00:00,4534
2019-02-25 00:00:00,5741
2019-02-26 00:00:00,3654
2019-02-27 00:00:00,9682
2019-02-28 00:00:00,2117
2019-03-01 00:00:00,5551
2019-03-02 00:00:00,6849
2019-03-03 00:00:00,8344
2019-03-04 00:00:00,1875
2019-03-05 00:00:00,1939
2019-03-06 00:00:00,3016
2019-03-07 00:00:00,3130
2019-03-08 00:00:00,9288
2019-03-09 00:00:00,774
2019-03-10 00:00:00,497
2019-03-11 00:00:00,1846
2019-03-12 00:00:00,2134
2019-03-13 00:00:00,4630
2019-03-14 00:00:00,8505
2019-03-15 00:00:00,2303
2019-03-16 00:00:00,9770
2019-03-17 00:00:00,2031
2019-03-18 00:00:00,4773
2019-03-19 00:00:00,2486
2019-03-20 00:00:00,2813
2019-03-21 00:00:00,4388
2019-03-22 00:00:00,6497
2019-03-23 00:00:00,2914
2019-03-24 00:00:00,4602
2019-03-25 00:00:00,2720
2019-03-26 00:00:00,4409
2019-03-27 00:00:00,5358
2019-03-28 00:00:00,8644
2019-03-29 00:00:00,7590
2019-03-30 00:00:00,20934
2019-03-31 00:00:00,3416
2019-04-01 00:00:00,5669
2019-04-02 00:00:00,9863
2019-04-03 00:00:00,14053
2019-04-04 00:00:00,13061
2019-04-05 00:00:00,6396
2019-04-06 00:00:00,19630
2019-04-07 00:00:00,6073
2019-04-08 00:00:00,14280
2019-04-09 00:00:00,2248
2019-04-10 00:00:00,1393
2019-04-11 00:00:00,4064
2019-04-12 00:00:00,11963
2019-04-13 00:00:00,3566
2019-04-14 00:00:00,9207
2019-04-15 00:00:00,5946
2019-04-16 00:00:00,6615
2019-04-17 00:00:00,5933
2019-04-18 00:00:00,4862
2019-04-19 00:00:00,15584
2019-04-20 00:00:00,14460
2019-04-21 00:00:00,14523
2019-04-22 00:00:00,4777
2019-04-23 00:00:00,5854
2019-04-24 00:00:00,2890
2019-04-25 00:00:00,8078
2019-04-26 00:00:00,3086
2019-04-27 00:00:00,11499
2019-04-28 00:00:00,7102
2019-04-29 00:00:00,11523
2019-04-30 00:00:00,11087
2019-05-01 00:00:00,7684
2019-05-02 00:00:00,3394
2019-05-03 00:00:00,1430
2019-05-04 00:00:00,8896
2019-05-05 00:00:00,5979
2019-05-06 00:00:00,3717
2019-05-07 00:00:00,5222
2019-05-08 00:00:00,4963
2019-05-09 00:00:00,10808
2019-05-10 00:00:00,3069
2019-05-11 00:00:00,8670
2019-05-12 00:00:00,4549
2019-05-13 00:00:00,6463
2019-05-14 00:00:00,7758
2019-05-15 00:00:00,3049
2019-05-16 00:00:00,4404
2019-05-17 00:00:00,4007
2019-05-18 00:00:00,12767
2019-05-19 00:00:00,3810
2019-05-20 00:00:00,5052
2019-05-21 00:00:00,4772
2019-05-22 00:00:00,7898
2019-05-23 00:00:00,3740
2019-05-24 00:00:00,11868
2019-05-25 00:00:00,8060
2019-05-26 00:00:00,6807
2019-05-27 00:00:00,2254
2019-05-28 00:00:00,4688
2019-05-29 00:00:00,7477
2019-05-30 00:00:00,11785
2019-05-31 00:00:00,5058
2019-06-01 00:00:00,6845
2019-06-02 00:00:00,4388
2019-06-03 00:00:00,2801
2019-06-04 00:00:00,6010
2019-06-05 00:00:00,10135
2019-06-06 00:00:00,6654
2019-06-07 00:00:00,14195
2019-06-08 00:00:00,4355
2019-06-09 00:00:00,4534
2019-06-10 00:00:00,6376
2019-06-11 00:00:00,8653
2019-06-12 00:00:00,9909
2019-06-13 00:00:00,5251
2019-06-14 00:00:00,7464
2019-06-15 00:00:00,7640
2019-06-16 00:00:00,8717
2019-06-17 00:00:00,3163
2019-06-18 00:00:00,7856
2019-06-19 00:00:00,11010
2019-06-20 00:00:00,13614
2019-06-21 00:00:00,9404
2019-06-22 00:00:00,5561
2019-06-23 00:00:00,5978
2019-06-24 00:00:00,8723
2019-06-25 00:00:00,6593
2019-06-26 00:00:00,10722
2019-06-27 00:00:00,10459
2019-06-28 00:00:00,9438
2019-06-29 00:00:00,10066
2019-06-30 00:00:00,5480
2019-07-01 00:00:00,2849
2019-07-02 00:00:00,8380
2019-07-03 00:00:00,6395
2019-07-04 00:00:00,11493
2019-07-05 00:00:00,13267
2019-07-06 00:00:00,16268
2019-07-07 00:00:00,4852
2019-07-08 00:00:00,9927
2019-07-09 00:00:00,6134
2019-07-10 00:00:00,9542
2019-07-11 00:00:00,3346
2019-07-12 00:00:00,11325
2019-07-13 00:00:00,8896
2019-07-14 00:00:00,5158
2019-07-15 00:00:00,4922
2019-07-16 00:00:00,5229
2019-07-17 00:00:00,7797
2019-07-18 00:00:00,6808
2019-07-19 00:00:00,3964
2019-07-20 00:00:00,3433
2019-07-21 00:00:00,5653
2019-07-22 00:00:00,2833
2019-07-23 00:00:00,8577
2019-07-24 00:00:00,5748
2019-07-25 00:00:00,11690
2019-07-26 00:00:00,4419
2019-07-27 00:00:00,2970
2019-07-28 00:00:00,3928
2019-07-29 00:00:00,1634
2019-07-30 00:00:00,7811
2019-07-31 00:00:00,10590
2019-08-01 00:00:00,6088
2019-08-02 00:00:00,6829
2019-08-03 00:00:00,11094
2019-08-04 00:00:00,6667
2019-08-05 00:00:00,7527
2019-08-06 00:00:00,11799
2019-08-07 00:00:00,9735
2019-08-08 00:00:00,13527
2019-08-09 00:00:00,19603
2019-08-10 00:00:00,16146
2019-08-11 00:00:00,4982
2019-08-12 00:00:00,21972
2019-08-13 00:00:00,22717
2019-08-14 00:00:00,14249
2019-08-15 00:00:00,20182
2019-08-16 00:00:00,6198
2019-08-17 00:00:00,13936
2019-08-18 00:00:00,939
2019-08-19 00:00:00,114
2019-08-20 00:00:00,4448
2019-08-21 00:00:00,1924
2019-08-22 00:00:00,286
2019-08-23 00:00:00,1101
2019-08-24 00:00:00,803
2019-08-25 00:00:00,2138
2019-08-26 00:00:00,6452
2019-08-27 00:00:00,15134
2019-08-28 00:00:00,11600
2019-08-29 00:00:00,8643
2019-08-30 00:00:00,7546
2019-08-31 00:00:00,7075
2019-09-01 00:00:00,3114
2019-09-02 00:00:00,22551
2019-09-03 00:00:00,10868
2019-09-04 00:00:00,16481
2019-09-05 00:00:00,15802
2019-09-06 00:00:00,8984
2019-09-07 00:00:00,18368
2019-09-08 00:00:00,19292
2019-09-09 00:00:00,13273
2019-09-10 00:00:00,5361
2019-09-11 00:00:00,8954
2019-09-12 00:00:00,18859
2019-09-13 00:00:00,12206
2019-09-14 00:00:00,13215
2019-09-15 00:00:00,3397
2019-09-16 00:00:00,7600
2019-09-17 00:00:00,6319
2019-09-18 00:00:00,18066
2019-09-19 00:00:00,11854
2019-09-20 00:00:00,5992
2019-09-21 00:00:00,5336
2019-09-22 00:00:00,3298
2019-09-23 00:00:00,3079
2019-09-24 00:00:00,5990
2019-09-25 00:00:00,17818
2019-09-26 00:00:00,12142
2019-09-27 00:00:00,3263
2019-09-28 00:00:00,3337
2019-09-29 00:00:00,4169
2019-09-30 00:00:00,7742
2019-10-01 00:00:00,11887
2019-10-02 00:00:00,7967
2019-10-03 00:00:00,14689
2019-10-04 00:00:00,9421
2019-10-05 00:00:00,4169
2019-10-06 00:00:00,3597
2019-10-07 00:00:00,9208
2019-10-08 00:00:00,3676
2019-10-09 00:00:00,2756
2019-10-10 00:00:00,6097
2019-10-11 00:00:00,3573
2019-10-12 00:00:00,4395
2019-10-13 00:00:00,4159
2019-10-14 00:00:00,1233
2019-10-15 00:00:00,11442
2019-10-16 00:00:00,9695
2019-10-17 00:00:00,10247
2019-10-18 00:00:00,6956
2019-10-19 00:00:00,10677
2019-10-20 00:00:00,5721
2019-10-21 00:00:00,9610
2019-10-22 00:00:00,7436
2019-10-23 00:00:00,9785
2019-10-24 00:00:00,10998
2019-10-25 00:00:00,5896
2019-10-26 00:00:00,8229
2019-10-27 00:00:00,17398
2019-10-28 00:00:00,5519
2019-10-29 00:00:00,7920
2019-10-30 00:00:00,6061
2019-10-31 00:00:00,5674
2019-11-01 00:00:00,5241
2019-11-02 00:00:00,2742
2019-11-03 00:00:00,5612
2019-11-04 00:00:00,3287
2019-11-05 00:00:00,9077
2019-11-06 00:00:00,5284
2019-11-07 00:00:00,9831
2019-11-08 00:00:00,13992
2019-11-09 00:00:00,13476
2019-11-10 00:00:00,3044
2019-11-11 00:00:00,3195
2019-11-12 00:00:00,5627
2019-11-13 00:00:00,6300
2019-11-14 00:00:00,8822
2019-11-15 00:00:00,8293
2019-11-16 00:00:00,2881
2019-11-17 00:00:00,2650
2019-11-18 00:00:00,3383
2019-11-19 00:00:00,10477
2019-11-20 00:00:00,4781
2019-11-21 00:00:00,4936
2019-11-22 00:00:00,10120
2019-11-23 00:00:00,6185
2019-11-24 00:00:00,2864
2019-11-25 00:00:00,80
2019-11-26 00:00:00,7446
2019-11-27 00:00:00,3777
2019-11-28 00:00:00,4108
2019-11-29 00:00:00,2182
2019-11-30 00:00:00,8509
2019-12-01 00:00:00,2218
2019-12-02 00:00:00,4553
2019-12-03 00:00:00,4444
2019-12-04 00:00:00,8313
2019-12-05 00:00:00,3355
2019-12-06 00:00:00,10846
2019-12-07 00:00:00,4887
2019-12-08 00:00:00,7320
2019-12-09 00:00:00,3221
2019-12-10 00:00:00,4359
2019-12-11 00:00:00,13336
2019-12-12 00:00:00,3509
2019-12-13 00:00:00,3328
2019-12-14 00:00:00,2072
2019-12-15 00:00:00,4786
2019-12-16 00:00:00,3118
2019-12-17 00:00:00,4079
2019-12-18 00:00:00,6436
2019-12-19 00:00:00,9089
2019-12-20 00:00:00,10734
2019-12-21 00:00:00,7303
2019-12-22 00:00:00,4121
2019-12-23 00:00:00,10724
2019-12-24 00:00:00,7811
2019-12-25 00:00:00,2547
2019-12-26 00:00:00,9586
2019-12-27 00:00:00,5890
2019-12-28 00:00:00,3021
2019-12-29 00:00:00,3220
2019-12-30 00:00:00,7779
2019-12-31 00:00:00,3244
2020-01-01 00:00:00,5268
2020-01-02 00:00:00,4365
2020-01-03 00:00:00,5282
2020-01-04 00:00:00,1752
2020-01-05 00:00:00,12630
2020-01-06 00:00:00,5369
2020-01-07 00:00:00,3874
2020-01-08 00:00:00,4103
2020-01-09 00:00:00,8618
2020-01-10 00:00:00,7595
2020-01-11 00:00:00,1115
2020-01-12 00:00:00,9964
2020-01-13 00:00:00,2888
2020-01-14 00:00:00,7077
2020-01-15 00:00:00,64
2020-01-16 00:00:00,2750
2020-01-17 00:00:00,10865
2020-01-18 00:00:00,7425
2020-01-19 00:00:00,8852
2020-01-20 00:00:00,3063
2020-01-21 00:00:00,5811
2020-01-22 00:00:00,2902
2020-01-23 00:00:00,11943
2020-01-24 00:00:00,4678
2020-01-25 00:00:00,8782
2020-01-26 00:00:00,10562
2020-01-27 00:00:00,6831
2020-01-28 00:00:00,5328
2020-01-29 00:00:00,4566
2020-01-30 00:00:00,7990
2020-01-31 00:00:00,6186
2020-02-01 00:00:00,4603
2020-02-02 00:00:00,1044
2020-02-03 00:00:00,4738
2020-02-04 00:00:00,10233
2020-02-05 00:00:00,5268
2020-02-06 00:00:00,2762
2020-02-07 00:00:00,4594
2020-02-08 00:00:00,4596
2020-02-09 00:00:00,2905
2020-02-10 00:00:00,842
2020-02-11 00:00:00,7535
2020-02-12 00:00:00,5819
2020-02-13 00:00:00,2126
2020-02-14 00:00:00,8742
2020-02-15 00:00:00,11855
2020-02-16 00:00:00,6896
2020-02-17 00:00:00,840
2020-02-18 00:00:00,2228
2020-02-19 00:00:00,5266
2020-02-20 00:00:00,3303
2020-02-21 00:00:00,11245
2020-02-22 00:00:00,4418
2020-02-23 00:00:00,5127
2020-02-24 00:00:00,10049
2020-02-25 00:00:00,4601
2020-02-26 00:00:00,4676
2020-02-27 00:00:00,3259
2020-02-28 00:00:00,5101
2020-02-29 00:00:00,4905
2020-03-01 00:00:00,5588
2020-03-02 00:00:00,1650
2020-03-03 00:00:00,2254
2020-03-04 00:00:00,2878
2020-03-05 00:00:00,2914
2020-03-06 00:00:00,6919
2020-03-07 00:00:00,3917
2020-03-08 00:00:00,5649
2020-03-09 00:00:00,14604
2020-03-10 00:00:00,5386
2020-03-11 00:00:00,5759
2020-03-12 00:00:00,11098
2020-03-13 00:00:00,9443
2020-03-14 00:00:00,18862
2020-03-15 00:00:00,16390
2020-03-16 00:00:00,7359
2020-03-17 00:00:00,13766
2020-03-18 00:00:00,15557
2020-03-19 00:00:00,10265
2020-03-20 00:00:00,11210
2020-03-21 00:00:00,5529
2020-03-22 00:00:00,20818
2020-03-23 00:00:00,8802
2020-03-24 00:00:00,10523
2020-03-25 00:00:00,11215
2020-03-26 00:00:00,10996
2020-03-27 00:00:00,9195
2020-03-28 00:00:00,8038
2020-03-29 00:00:00,7714
2020-03-30 00:00:00,7450
2020-03-31 00:00:00,8959
2020-04-01 00:00:00,9485
2020-04-02 00:00:00,3922
2020-04-03 00:00:00,10413
2020-04-04 00:00:00,11430
2020-04-05 00:00:00,14541
2020-04-06 00:00:00,8622
2020-04-07 00:00:00,9613
2020-04-08 00:00:00,9250
2020-04-09 00:00:00,12889
2020-04-10 00:00:00,11687
2020-04-11 00:00:00,16305
2020-04-12 00:00:00,8043
2020-04-13 00:00:00,20108
2020-04-14 00:00:00,7314
2020-04-15 00:00:00,10809
2020-04-16 00:00:00,11075
2020-04-17 00:00:00,11351
2020-04-18 00:00:00,12992
2020-04-19 00:00:00,16277
2020-04-20 00:00:00,5770
2020-04-21 00:00:00,10415
2020-04-22 00:00:00,5974
2020-04-23 00:00:00,11212
2020-04-24 00:00:00,12414
2020-04-25 00:00:00,12943
2020-04-26 00:00:00,7726
2020-04-27 00:00:00,6395
2020-04-28 00:00:00,9686
2020-04-29 00:00:00,9868
2020-04-30 00:00:00,5994
2020-05-01 00:00:00,14413
2020-05-02 00:00:00,6372
2020-05-03 00:00:00,11826
2020-05-04 00:00:00,5321
2020-05-05 00:00:00,13597
2020-05-06 00:00:00,6501
2020-05-07 00:00:00,5606
2020-05-08 00:00:00,7023
2020-05-09 00:00:00,11211
2020-05-10 00:00:00,18810
2020-05-11 00:00:00,10260
2020-05-12 00:00:00,5605
2020-05-13 00:00:00,6228
2020-05-14 00:00:00,7218
2020-05-15 00:00:00,8045
2020-05-16 00:00:00,11770
2020-05-17 00:00:00,6230
2020-05-18 00:00:00,11294
2020-05-19 00:00:00,7888
2020-05-20 00:00:00,8873
2020-05-21 00:00:00,24121
2020-05-22 00:00:00,3782
2020-05-23 00:00:00,9842
2020-05-24 00:00:00,6523
2020-05-25 00:00:00,9197
2020-05-26 00:00:00,7595
2020-05-27 00:00:00,5943
2020-05-28 00:00:00,11107
2020-05-29 00:00:00,9431
2020-05-30 00:00:00,4846
2020-05-31 00:00:00,15041
2020-06-01 00:00:00,2123
2020-06-02 00:00:00,13012
2020-06-03 00:00:00,2587
2020-06-04 00:00:00,8855
2020-06-05 00:00:00,5849
2020-06-06 00:00:00,15011
2020-06-07 00:00:00,599
2020-06-08 00:00:00,748
2020-06-09 00:00:00,4805
2020-06-10 00:00:00,3487
2020-06-11 00:00:00,6280
2020-06-12 00:00:00,14872
2020-06-13 00:00:00,4058
2020-06-14 00:00:00,10116
2020-06-15 00:00:00,7986
2020-06-16 00:00:00,5580
2020-06-17 00:00:00,8447
2020-06-18 00:00:00,9393
2020-06-19 00:00:00,1047
2020-06-20 00:00:00,12108
2020-06-21 00:00:00,7649
2020-06-22 00:00:00,5987
2020-06-23 00:00:00,6557
2020-06-24 00:00:00,7210
2020-06-25 00:00:00,11375
2020-06-26 00:00:00,9891
2020-06-27 00:00:00,10864
2020-06-28 00:00:00,4989
2020-06-29 00:00:00,9647
2020-06-30 00:00:00,6891
2020-07-01 00:00:00,5731
2020-07-02 00:00:00,13544
2020-07-03 00:00:00,16067
2020-07-04 00:00:00,4179
2020-07-05 00:00:00,9319
2020-07-06 00:00:00,4888
2020-07-07 00:00:00,6019
2020-07-08 00:00:00,1919
2020-07-09 00:00:00,10120
2020-07-10 00:00:00,8943
2020-07-11 00:00:00,12383
2020-07-12 00:00:00,5722
2020-07-13 00:00:00,1060
2020-07-14 00:00:00,2627
2020-07-15 00:00:00,6994
2020-07-16 00:00:00,6778
2020-07-17 00:00:00,1823
2020-07-18 00:00:00,12346
2020-07-19 00:00:00,5205
2020-07-20 00:00:00,2230
2020-07-21 00:00:00,2240
2020-07-22 00:00:00,3645
2020-07-23 00:00:00,8680
2020-07-24 00:00:00,3482
2020-07-25 00:00:00,4870
2020-07-26 00:00:00,3526
2020-07-27 00:00:00,7285
2020-07-28 00:00:00,4651
2020-07-29 00:00:00,3828
2020-07-30 00:00:00,2786
2020-07-31 00:00:00,6259
2020-08-01 00:00:00,10018
2020-08-02 00:00:00,3302
2020-08-03 00:00:00,769
2020-08-04 00:00:00,1894
2020-08-05 00:00:00,6661
2020-08-06 00:00:00,9629
2020-08-07 00:00:00,2972
2020-08-08 00:00:00,19989
2020-08-09 00:00:00,6527
2020-08-10 00:00:00,2287
2020-08-11 00:00:00,2342
2020-08-12 00:00:00,75
2020-08-13 00:00:00,10361
2020-08-14 00:00:00,2271
2020-08-15 00:00:00,4881
2020-08-16 00:00:00,2503
2020-08-17 00:00:00,1371
2020-08-18 00:00:00,1394
2020-08-19 00:00:00,1716
2020-08-20 00:00:00,1873
2020-08-21 00:00:00,5716
2020-08-22 00:00:00,1892
2020-08-23 00:00:00,3735
2020-08-24 00:00:00,1757
2020-08-25 00:00:00,2055
2020-08-26 00:00:00,3945
2020-08-27 00:00:00,17656
2020-08-28 00:00:00,6163
2020-08-29 00:00:00,7702
2020-08-30 00:00:00,730
2020-08-31 00:00:00,7652
2020-09-01 00:00:00,4374
2020-09-02 00:00:00,5847
2020-09-03 00:00:00,439
2020-09-04 00:00:00,2010
2020-09-05 00:00:00,6883
2020-09-06 00:00:00,4001
2020-09-07 00:00:00,4502
2020-09-08 00:00:00,4991
2020-09-09 00:00:00,8431
2020-09-10 00:00:00,13009
2020-09-11 00:00:00,13315
2020-09-12 00:00:00,13301
2020-09-13 00:00:00,16271
2020-09-14 00:00:00,8651
2020-09-15 00:00:00,14646
2020-09-16 00:00:00,15206
2020-09-17 00:00:00,5154
2020-09-18 00:00:00,2635
2020-09-19 00:00:00,8088
2020-09-20 00:00:00,4276
2020-09-21 00:00:00,2229
2020-09-22 00:00:00,1705
2020-09-23 00:00:00,2481
2020-09-24 00:00:00,5850
2020-09-25 00:00:00,3359
2020-09-26 00:00:00,17633
2020-09-27 00:00:00,10853
2020-09-28 00:00:00,2909
2020-09-29 00:00:00,2043
2020-09-30 00:00:00,7004
2020-10-01 00:00:00,1504
2020-10-02 00:00:00,4958
2020-10-03 00:00:00,12090
2020-10-04 00:00:00,3806
2020-10-05 00:00:00,1452
2020-10-06 00:00:00,3980
2020-10-07 00:00:00,4826
2020-10-08 00:00:00,10792
2020-10-09 00:00:00,3717
2020-10-10 00:00:00,5594
2020-10-11 00:00:00,3244
2020-10-12 00:00:00,1337
2020-10-13 00:00:00,3643
2020-10-14 00:00:00,4412
2020-10-15 00:00:00,5131
2020-10-16 00:00:00,9697
2020-10-17 00:00:00,7096
2020-10-18 00:00:00,3660
2020-10-19 00:00:00,1378
2020-10-20 00:00:00,1271
2020-10-21 00:00:00,5366
2020-10-22 00:00:00,10563
2020-10-23 00:00:00,2056
2020-10-24 00:00:00,5458
2020-10-25 00:00:00,2993
2020-10-26 00:00:00,1099
2020-10-27 00:00:00,4532
2020-10-28 00:00:00,460
2020-10-29 00:00:00,9143
2020-10-30 00:00:00,2861
2020-10-31 00:00:00,8037
2020-11-01 00:00:00,2685
2020-11-02 00:00:00,8603
2020-11-03 00:00:00,7933
2020-11-04 00:00:00,123
2020-11-05 00:00:00,1492
2020-11-06 00:00:00,4949
2020-11-07 00:00:00,74
2020-11-08 00:00:00,1385
2020-11-09 00:00:00,56
2020-11-10 00:00:00,4914
2020-11-11 00:00:00,80
2020-11-12 00:00:00,95
2020-11-13 00:00:00,2402
2020-11-14 00:00:00,4769
2020-11-15 00:00:00,53
2020-11-16 00:00:00,41
2020-11-17 00:00:00,5083
2020-11-18 00:00:00,28
2020-11-19 00:00:00,1150
2020-11-20 00:00:00,102
2020-11-21 00:00:00,78
2020-11-22 00:00:00,3963
2020-11-23 00:00:00,153
2020-11-24 00:00:00,284
2020-11-25 00:00:00,5199
2020-11-26 00:00:00,8
2020-11-27 00:00:00,12
2020-11-28 00:00:00,99
2020-11-29 00:00:00,5172
2020-11-30 00:00:00,1032
2020-12-01 00:00:00,47
2020-12-02 00:00:00,8
2020-12-03 00:00:00,7463
2020-12-04 00:00:00,40
2020-12-05 00:00:00,11479
2020-12-06 00:00:00,87
2020-12-07 00:00:00,5939
2020-12-08 00:00:00,1049
2020-12-09 00:00:00,742
2020-12-10 00:00:00,2319
2020-12-11 00:00:00,953
2020-12-12 00:00:00,3782
2020-12-13 00:00:00,3941
2020-12-14 00:00:00,6079
2020-12-15 00:00:00,8995
2020-12-16 00:00:00,1004
2020-12-17 00:00:00,1722
2020-12-18 00:00:00,2323
2020-12-19 00:00:00,8321
2020-12-20 00:00:00,2631
2020-12-21 00:00:00,3044
2020-12-22 00:00:00,3162
2020-12-23 00:00:00,5480
2020-12-24 00:00:00,13798
2020-12-25 00:00:00,2513
2020-12-26 00:00:00,11110
2020-12-27 00:00:00,3451
2020-12-28 00:00:00,2064
2020-12-29 00:00:00,3436
2020-12-30 00:00:00,7593
2020-12-31 00:00:00,8041
2021-01-01 00:00:00,5342
2021-01-02 00:00:00,9065
2021-01-03 00:00:00,14463
2021-01-04 00:00:00,4689
2021-01-05 00:00:00,4974
2021-01-06 00:00:00,2350
2021-01-07 00:00:00,3196
2021-01-08 00:00:00,5705
2021-01-09 00:00:00,2284
2021-01-10 00:00:00,5150
2021-01-11 00:00:00,12608
2021-01-12 00:00:00,1692
2021-01-13 00:00:00,5075
2021-01-14 00:00:00,7542
2021-01-15 00:00:00,1444
2021-01-16 00:00:00,5062
2021-01-17 00:00:00,9980
2021-01-18 00:00:00,739
2021-01-19 00:00:00,710
2021-01-20 00:00:00,6158
2021-01-21 00:00:00,5903
2021-01-22 00:00:00,390
2021-01-23 00:00:00,5939
2021-01-24 00:00:00,6363
2021-01-25 00:00:00,1058
2021-01-26 00:00:00,897
2021-01-27 00:00:00,10170
2021-01-28 00:00:00,1888
2021-01-29 00:00:00,764
2021-01-30 00:00:00,4920
2021-01-31 00:00:00,4238
2021-02-01 00:00:00,4621
2021-02-02 00:00:00,3090
2021-02-03 00:00:00,11317
2021-02-04 00:00:00,13318
2021-02-05 00:00:00,4230
2021-02-06 00:00:00,6540
2021-02-07 00:00:00,2350
2021-02-08 00:00:00,4574
2021-02-09 00:00:00,5462
2021-02-10 00:00:00,5528
2021-02-11 00:00:00,11720
2021-02-12 00:00:00,5602
2021-02-13 00:00:00,6268
2021-02-14 00:00:00,5835
2021-02-15 00:00:00,955
2021-02-16 00:00:00,8773
2021-02-17 00:00:00,8923
2021-02-18 00:00:00,5436
2021-02-19 00:00:00,1762
2021-02-20 00:00:00,9988
2021-02-21 00:00:00,8225
2021-02-22 00:00:00,10149
2021-02-23 00:00:00,8842
2021-02-24 00:00:00,2445
2021-02-25 00:00:00,10912
2021-02-26 00:00:00,1704
2021-02-27 00:00:00,10355
2021-02-28 00:00:00,14429
2021-03-01 00:00:00,8631
2021-03-02 00:00:00,4853
2021-03-03 00:00:00,8318
2021-03-04 00:00:00,8918
2021-03-05 00:00:00,1769
2021-03-06 00:00:00,20409
2021-03-07 00:00:00,2609
2021-03-08 00:00:00,3685
2021-03-09 00:00:00,8143
2021-03-10 00:00:00,7504
2021-03-11 00:00:00,318
2021-03-12 00:00:00,5543
2021-03-13 00:00:00,14503
2021-03-14 00:00:00,15187
2021-03-15 00:00:00,6811
2021-03-16 00:00:00,1782
2021-03-17 00:00:00,9014
2021-03-18 00:00:00,7967
2021-03-19 00:00:00,8249
2021-03-20 00:00:00,18927
2021-03-21 00:00:00,13260
2021-03-22 00:00:00,9751
2021-03-23 00:00:00,74
2021-03-24 00:00:00,9519
2021-03-25 00:00:00,1655
2021-03-26 00:00:00,14008
2021-03-27 00:00:00,12837
2021-03-28 00:00:00,23278
2021-03-29 00:00:00,10979
2021-03-30 00:00:00,8574
2021-03-31 00:00:00,9591
2021-04-01 00:00:00,5047
2021-04-02 00:00:00,6742
2021-04-03 00:00:00,2009
2021-04-04 00:00:00,3825
2021-04-05 00:00:00,11763
2021-04-06 00:00:00,1616
2021-04-07 00:00:00,3186
2021-04-08 00:00:00,2405
2021-04-09 00:00:00,13116
2021-04-10 00:00:00,12407
2021-04-11 00:00:00,3328
2021-04-12 00:00:00,656
2021-04-13 00:00:00,2730
2021-04-14 00:00:00,10875
2021-04-15 00:00:00,3978
2021-04-16 00:00:00,2926
2021-04-17 00:00:00,20762
2021-04-18 00:00:00,12331
2021-04-19 00:00:00,8394
2021-04-20 00:00:00,9004
2021-04-21 00:00:00,2243
2021-04-22 00:00:00,9657
2021-04-23 00:00:00,19727
2021-04-24 00:00:00,11090
2021-04-25 00:00:00,1792
2021-04-26 00:00:00,14389
2021-04-27 00:00:00,1309
2021-04-28 00:00:00,9364
2021-04-29 00:00:00,14229
2021-04-30 00:00:00,3459
2021-05-01 00:00:00,6773
2021-05-02 00:00:00,11844
2021-05-03 00:00:00,10945
2021-05-04 00:00:00,7330
2021-05-05 00:00:00,12602
2021-05-06 00:00:00,1525
2021-05-07 00:00:00,6533
2021-05-08 00:00:00,6469
2021-05-09 00:00:00,15285
2021-05-10 00:00:00,10200
2021-05-11 00:00:00,2952
2021-05-12 00:00:00,16458
2021-05-13 00:00:00,21733
2021-05-14 00:00:00,7228
2021-05-15 00:00:00,6716
2021-05-16 00:00:00,9864
2021-05-17 00:00:00,12786
2021-05-18 00:00:00,8507
2021-05-19 00:00:00,3159
2021-05-20 00:00:00,3325
2021-05-21 00:00:00,5245
2021-05-22 00:00:00,14022
2021-05-23 00:00:00,7130
2021-05-24 00:00:00,13643
2021-05-25 00:00:00,7193
2021-05-26 00:00:00,2766
2021-05-27 00:00:00,4426
2021-05-28 00:00:00,10997
2021-05-29 00:00:00,16697
2021-05-30 00:00:00,13409
2021-05-31 00:00:00,8229
2021-06-01 00:00:00,9194
2021-06-02 00:00:00,14262
2021-06-03 00:00:00,9459
2021-06-04 00:00:00,9105
2021-06-05 00:00:00,2957
2021-06-06 00:00:00,7291
2021-06-07 00:00:00,7285
2021-06-08 00:00:00,13767
2021-06-09 00:00:00,6833
2021-06-10 00:00:00,11290
2021-06-11 00:00:00,9686
2021-06-12 00:00:00,4804
2021-06-13 00:00:00,7772
2021-06-14 00:00:00,3568
2021-06-15 00:00:00,6875
2021-06-16 00:00:00,6265
2021-06-17 00:00:00,4612
2021-06-18 00:00:00,5356
2021-06-19 00:00:00,6151
2021-06-20 00:00:00,11705
2021-06-21 00:00:00,1396
2021-06-22 00:00:00,2797
2021-06-23 00:00:00,2910
2021-06-24 00:00:00,7936
2021-06-25 00:00:00,3656
2021-06-26 00:00:00,11278
2021-06-27 00:00:00,4888
2021-06-28 00:00:00,3259
2021-06-29 00:00:00,7080
2021-06-30 00:00:00,3357
2021-07-01 00:00:00,10167
2021-07-02 00:00:00,10372
2021-07-03 00:00:00,29962
2021-07-04 00:00:00,10122
2021-07-05 00:00:00,14221
2021-07-06 00:00:00,2408
2021-07-07 00:00:00,3924
2021-07-08 00:00:00,10707
2021-07-09 00:00:00,8545
2021-07-10 00:00:00,17184
2021-07-11 00:00:00,8588
2021-07-12 00:00:00,10793
2021-07-13 00:00:00,3390
2021-07-14 00:00:00,5406
2021-07-15 00:00:00,9230
2021-07-16 00:00:00,4307
2021-07-17 00:00:00,6688
2021-07-18 00:00:00,5733
2021-07-19 00:00:00,17806
2021-07-20 00:00:00,4323
2021-07-21 00:00:00,12608
2021-07-22 00:00:00,15881
2021-07-23 00:00:00,13560
2021-07-24 00:00:00,25254
2021-07-25 00:00:00,15148
2021-07-26 00:00:00,3772
2021-07-27 00:00:00,4274
2021-07-28 00:00:00,6147
2021-07-29 00:00:00,8980
2021-07-30 00:00:00,4901
2021-07-31 00:00:00,11557
2021-08-01 00:00:00,5895
2021-08-02 00:00:00,2659
2021-08-03 00:00:00,2964
2021-08-04 00:00:00,8206
2021-08-05 00:00:00,4628
2021-08-06 00:00:00,7347
2021-08-07 00:00:00,4012
2021-08-08 00:00:00,3712
2021-08-09 00:00:00,8672
2021-08-10 00:00:00,10702
2021-08-11 00:00:00,13146
2021-08-12 00:00:00,7045
2021-08-13 00:00:00,34094
2021-08-14 00:00:00,2285
2021-08-15 00:00:00,5238
2021-08-16 00:00:00,3638
2021-08-17 00:00:00,8901
2021-08-18 00:00:00,13515
2021-08-19 00:00:00,10117
2021-08-20 00:00:00,11827
2021-08-21 00:00:00,10429
2021-08-22 00:00:00,2438
2021-08-23 00:00:00,10051
2021-08-24 00:00:00,6651
2021-08-25 00:00:00,4840
2021-08-26 00:00:00,2868
2021-08-27 00:00:00,8092
2021-08-28 00:00:00,4325
2021-08-29 00:00:00,2983
2021-08-30 00:00:00,2948
2021-08-31 00:00:00,3699
2021-09-01 00:00:00,12134
2021-09-02 00:00:00,8102
2021-09-03 00:00:00,11570
2021-09-04 00:00:00,5758
2021-09-05 00:00:00,2750
2021-09-06 00:00:00,16705
2021-09-07 00:00:00,11850
2021-09-08 00:00:00,4578
2021-09-09 00:00:00,11764
2021-09-10 00:00:00,10657
2021-09-11 00:00:00,4751
2021-09-12 00:00:00,3615
2021-09-13 00:00:00,13505
2021-09-14 00:00:00,7691
2021-09-15 00:00:00,20426
2021-09-16 00:00:00,9172
2021-09-17 00:00:00,12289
2021-09-18 00:00:00,13899
2021-09-19 00:00:00,2056
2021-09-20 00:00:00,19519
2021-09-21 00:00:00,2098
2021-09-22 00:00:00,11595
2021-09-23 00:00:00,9937
2021-09-24 00:00:00,2411
2021-09-25 00:00:00,12013
2021-09-26 00:00:00,9754
2021-09-27 00:00:00,10688
2021-09-28 00:00:00,2934
2021-09-29 00:00:00,8809
2021-09-30 00:00:00,9049
2021-10-01 00:00:00,5649
2021-10-02 00:00:00,8600
2021-10-03 00:00:00,1591
2021-10-04 00:00:00,13550
2021-10-05 00:00:00,4600
2021-10-06 00:00:00,7871
2021-10-07 00:00:00,4458
2021-10-08 00:00:00,1495
2021-10-09 00:00:00,16336
2021-10-10 00:00:00,5940
2021-10-11 00:00:00,9162
2021-10-12 00:00:00,11247
2021-10-13 00:00:00,12263
2021-10-14 00:00:00,6675
2021-10-15 00:00:00,9909
2021-10-16 00:00:00,14034
2021-10-17 00:00:00,4781
2021-10-18 00:00:00,9323
2021-10-19 00:00:00,9999
2021-10-20 00:00:00,7411
2021-10-21 00:00:00,3434
2021-10-22 00:00:00,5346
2021-10-23 00:00:00,17361
2021-10-24 00:00:00,5721
2021-10-25 00:00:00,7239
2021-10-26 00:00:00,13085
2021-10-27 00:00:00,12905
2021-10-28 00:00:00,8496
2021-10-29 00:00:00,15081
2021-10-30 00:00:00,4623
2021-10-31 00:00:00,6738
2021-11-01 00:00:00,94
2021-11-02 00:00:00,6524
2021-11-03 00:00:00,8
2021-11-04 00:00:00,6539
2021-11-05 00:00:00,3876
2021-11-06 00:00:00,7114
2021-11-07 00:00:00,7805
2021-11-08 00:00:00,8218
2021-11-09 00:00:00,6782
2021-11-10 00:00:00,7860
2021-11-11 00:00:00,7386
2021-11-12 00:00:00,3847
2021-11-13 00:00:00,3863
2021-11-14 00:00:00,3558
2021-11-15 00:00:00,2938
2021-11-16 00:00:00,8392
2021-11-17 00:00:00,6645
2021-11-18 00:00:00,7795
2021-11-19 00:00:00,12437
2021-11-20 00:00:00,7105
2021-11-21 00:00:00,5471
2021-11-22 00:00:00,2030
2021-11-23 00:00:00,67
2021-11-24 00:00:00,8824
2021-11-25 00:00:00,6148
2021-11-26 00:00:00,2789
2021-11-27 00:00:00,4852
2021-11-28 00:00:00,11061
2021-11-29 00:00:00,7689
2021-11-30 00:00:00,6178
2021-12-01 00:00:00,6412
2021-12-02 00:00:00,2348
2021-12-03 00:00:00,2648
2021-12-04 00:00:00,2905
2021-12-05 00:00:00,8386
2021-12-06 00:00:00,7524
2021-12-07 00:00:00,8918
2021-12-08 00:00:00,763
2021-12-09 00:00:00,6362
2021-12-10 00:00:00,2184
2021-12-11 00:00:00,6641
2021-12-12 00:00:00,7475
2021-12-13 00:00:00,30
2021-12-14 00:00:00,7322
2021-12-15 00:00:00,7646
2021-12-16 00:00:00,53
2021-12-17 00:00:00,7574
2021-12-18 00:00:00,11011
2021-12-19 00:00:00,7649
2021-12-20 00:00:00,92
2021-12-21 00:00:00,9272
2021-12-22 00:00:00,7829
2021-12-23 00:00:00,16318
2021-12-24 00:00:00,12135
2021-12-25 00:00:00,12183
2021-12-26 00:00:00,18430
2021-12-27 00:00:00,16867
2021-12-28 00:00:00,16915
2021-12-29 00:00:00,4547
2021-12-30 00:00:00,12241
2021-12-31 00:00:00,13956
2022-01-01 00:00:00,5738
2022-01-02 00:00:00,4785
2022-01-03 00:00:00,12142
2022-01-04 00:00:00,9542
2022-01-05 00:00:00,13416
2022-01-06 00:00:00,2160
2022-01-07 00:00:00,10099
2022-01-08 00:00:00,4565
2022-01-09 00:00:00,3386
2022-01-10 00:00:00,12848
2022-01-11 00:00:00,3437
2022-01-12 00:00:00,5468
2022-01-13 00:00:00,12296
2022-01-14 00:00:00,3159
2022-01-15 00:00:00,8415
2022-01-16 00:00:00,2871
2022-01-17 00:00:00,165
2022-01-18 00:00:00,9886
2022-01-19 00:00:00,10237
2022-01-20 00:00:00,560
2022-01-21 00:00:00,16237
2022-01-22 00:00:00,9888
2022-01-23 00:00:00,8957
2022-01-24 00:00:00,9028
2022-01-25 00:00:00,5746
2022-01-26 00:00:00,9670
2022-01-27 00:00:00,2597
2022-01-28 00:00:00,2696
2022-01-29 00:00:00,9253
2022-01-30 00:00:00,12302
2022-01-31 00:00:00,974
2022-02-01 00:00:00,1541
2022-02-02 00:00:00,11367
2022-02-03 00:00:00,15623
2022-02-04 00:00:00,264
2022-02-05 00:00:00,16535
2022-02-06 00:00:00,78
2022-02-07 00:00:00,9704
2022-02-08 00:00:00,116
2022-02-09 00:00:00,9709
2022-02-10 00:00:00,3160
2022-02-11 00:00:00,19674
2022-02-12 00:00:00,5692
2022-02-13 00:00:00,13651
2022-02-14 00:00:00,221
2022-02-15 00:00:00,83
2022-02-16 00:00:00,11414
2022-02-17 00:00:00,31
2022-02-18 00:00:00,420
2022-02-19 00:00:00,18708
2022-02-20 00:00:00,114.45
2022-02-21 00:00:00,1535
2022-02-22 00:00:00,202
2022-02-23 00:00:00,219
2022-02-24 00:00:00,325
2022-02-25 00:00:00,4461
2022-02-26 00:00:00,951.62
2022-02-27 00:00:00,3760
2022-02-28 00:00:00,139
2022-03-01 00:00:00,12144
2022-03-02 00:00:00,147
2022-03-03 00:00:00,9767
2022-03-04 00:00:00,36
2022-03-05 00:00:00,299
2022-03-06 00:00:00,3653
2022-03-07 00:00:00,1567
2022-03-08 00:00:00,20633
2022-03-09 00:00:00,93
2022-03-10 00:00:00,11326
2022-03-11 00:00:00,4578
2022-03-12 00:00:00,5812
2022-03-13 00:00:00,3715
2022-03-14 00:00:00,330
2022-03-15 00:00:00,1306
2022-03-16 00:00:00,131
2022-03-17 00:00:00,14064
2022-03-18 00:00:00,4988
2022-03-19 00:00:00,8876
2022-03-20 00:00:00,14665
2022-03-21 00:00:00,8762
2022-03-22 00:00:00,19779
2022-03-23 00:00:00,146
2022-03-24 00:00:00,308
2022-03-25 00:00:00,13668
2022-03-26 00:00:00,18742
2022-03-27 00:00:00,3284
2022-03-28 00:00:00,792
2022-03-29 00:00:00,1455
2022-03-30 00:00:00,1856
2022-03-31 00:00:00,731
2022-04-01 00:00:00,1372
2022-04-02 00:00:00,18987
2022-04-03 00:00:00,9827
2022-04-04 00:00:00,2940
2022-04-05 00:00:00,231
2022-04-06 00:00:00,137
2022-04-07 00:00:00,201
2022-04-08 00:00:00,163
2022-04-09 00:00:00,170
2022-04-10 00:00:00,313
2022-04-11 00:00:00,1283
2022-04-12 00:00:00,10598
2022-04-13 00:00:00,20997
2022-04-14 00:00:00,7910
2022-04-15 00:00:00,16539
2022-04-16 00:00:00,24798
2022-04-17 00:00:00,7285
2022-04-18 00:00:00,7288
2022-04-19 00:00:00,19990
2022-04-20 00:00:00,16155
2022-04-21 00:00:00,14403
2022-04-22 00:00:00,10814
2022-04-23 00:00:00,24372
2022-04-24 00:00:00,25810
2022-04-25 00:00:00,9303
2022-04-26 00:00:00,4774
2022-04-27 00:00:00,13518
2022-04-28 00:00:00,7239
2022-04-29 00:00:00,18483
2022-04-30 00:00:00,17597
2022-05-01 00:00:00,11194
2022-05-02 00:00:00,2249
2022-05-03 00:00:00,12873
2022-05-04 00:00:00,6691
2022-05-05 00:00:00,4386
2022-05-06 00:00:00,6284
2022-05-07 00:00:00,18685
2022-05-08 00:00:00,7018
2022-05-09 00:00:00,4387
2022-05-10 00:00:00,7858
